{
    "loss": 0.2291959673166275,
    "accuracy": 0.9208633303642273
}