{
    "loss": 0.17714929580688477,
    "accuracy": 0.9568345546722412
}