{
    "loss": 0.23284417390823364,
    "accuracy": 0.9496402740478516
}